"tamanho","tempoNaive", "tempoDac"
100, 0.000008, 0.000006
200, 0.00032, 0.000014
400, 0.00096, 0.00003
800, 0.000386, 0.00056
1600, 0.001268, 0.000116
3200, 0.004682, 0.000262
6400, 0.019342, 0.000471
12800, 0.074301, 0.000997
25600, 0.291588, 0.00218
51200, 1.16508, 0.004468
102400, 4.92717, 0.004468
204800, 20.0847, 0.021713
409600, 81.4643, 0.049845
819200, 324.031, 0.049845

