"tamanho","tempoNaive", "tempoDac"
50, 0.000021, 0.000011
100, 0.000052, 0.000017
200, 0.000212 , 0.00004
400, 0.000847, 0.000099
800, 0.002944, 0.000204
1600, 0.01174, 0.000431
6400, 0.099088, 0.000439
10000, 0.197225, 0.000682
20000, 0.687774, 0.001477
40000, 2.7811, 0.003255
80000, 12.1192, 0.007771
100000, 19.4982, 0.010422
200000, 79.7776, 0.021458
400000, 322.952, 0.04428
800000, 1281.08, 0.091098
1000000, 1992.13, 0.117862

